Name,Price,Rating
N/A,N/A,3.9 out of 5 stars.
N/A,N/A,N/A
Price and other details may vary based on product size and colour.,N/A,N/A
Ignyte IGN-4 Trever ISI / DOT Certified Double Visor Full Face Helmet Outer Anti-Fog Clear Visor and Inner Smoke Sun Shield,"₹4,512",3.9 out of 5 stars
Steelbird SBH-17 Terminator ISI Certified Full Face Graphic Helmet in Matt Finish,"₹1,839",4.2 out of 5 stars
Steelbird SBH-40 Cyber ISI Certified Full Face Graphic Helmet for Men and Women with Inner Sun Shield,"₹2,399",4.2 out of 5 stars
Steelbird SBA-8 Crazy Wheel ISI Certified Flip-Up Helmet for Men and Women with Inner Smoke Sun Shield,"₹2,295",N/A
"Vega Crux ISI Certified Flip-Up Helmet for Men and Women with Clear Visor(Black, Size:M)",₹868,4.2 out of 5 stars
"Steelbird SBA-7 7Wings ISI Certified Flip-Up Helmet for Men and Women with Inner Smoke Sun Shield (Medium 580 MM, Dashing Black)","₹1,479",4.2 out of 5 stars
"Vega Atom ISI Certified Smooth Matt Finish Open Face Helmet for Men and Women with Clear Visor(Dull Black, Size:M)",₹778,4.2 out of 5 stars
Ignyte IGN-4 ISI / DOT Certified Double Visor Full Face Helmet Outer Anti-Fog Clear Visor and Inner Smoke Sun Shield,"₹4,227",4.2 out of 5 stars
Ignyte IGN-4 ISI / DOT Certified Double Visor Full Face Helmet Outer Anti-Fog Clear Visor and Inner Smoke Sun Shield,"₹4,227",4.2 out of 5 stars
Steelbird SBH-40 Cyber ISI Certified Full Face Graphic Helmet for Men and Women with Inner Sun Shield,"₹2,399",4.2 out of 5 stars
Ignyte IGN-4 Machine ISI/DOT Certified Double Visor Full Face Graphic Helmet with Outer Anti-Fog Clear Visor and Inner Smoke Sun Shield,"₹4,512",4.1 out of 5 stars
Ignyte IGN-4 GOOS ISI/DOT Certified Double Visor Full Face Helmet with Outer Anti-Fog Clear Visor and Inner Smoke Sun Shield,"₹4,512",4.3 out of 5 stars
Steelbird SBH-40 Vanguard ISI Certified Full Face Graphic Helmet for Men and Women with Inner Sun Shield,"₹2,399",4.2 out of 5 stars
N/A,N/A,N/A
"Vega Crux ISI Certified Flip-Up Helmet for Men and Women with Clear Visor(Black, Size:M)","₹1,254",4.2 out of 5 stars
Steelbird SBH-17 Terminator ISI Certified Full Face Graphic Helmet in Matt Finish,"₹1,759",4.2 out of 5 stars
STUDDS RAY Helmet Open FACE Helmet Black-L,₹850.25,4.2 out of 5 stars
Steelbird SBH-11 7Wings ISI Certified Full Face Helmet for Men and Women,"₹1,399",4.1 out of 5 stars
"Vega Jet ISI DOT Certified Matt Finish Open Face Helmet for Men and Women with Clear Visor(Dull Army Green, Size:L)","₹1,192",4.3 out of 5 stars
"Vega Atom ISI Certified Lightweight & compact Open Face Helmet for Women with Clear Visor(Pink, Size:M)",₹868,4.3 out of 5 stars
"Steelbird SBA-7 7Wings ISI Certified Flip-Up Helmet for Men and Women with Inner Smoke Sun Shield Outer Clear Visor ( Large 600 MM, Dashing Black )","₹1,479",4.2 out of 5 stars
N/A,N/A,N/A
Steelbird GT Dashing ISI Certified Open Face Helmet for Men and Women with Inner Sun Shield ( Dual Visor Mechanism ),"₹1,399",4.2 out of 5 stars
"Vega Crux ISI Certified Flip-Up Helmet for Men and Women with Clear Visor(Red, Size:M)",₹868,4.2 out of 5 stars
Studds Urban Black with Black Strip Open Face Helmet (L),₹965,4.4 out of 5 stars
Steelbird SBA-21 GT Full Face Helmet with Clear Visor,₹839,3.9 out of 5 stars
"Vega Crux ISI Certified Flip-Up Helmet for Men and Women with Clear Visor(Black, Size:L)","₹1,302",4.3 out of 5 stars
"Vega Cliff ISI Certified Lightweight Full Face Gloss Finish Helmet for Men and Women with Clear Visor(Black, Size:M)",₹868,4.2 out of 5 stars
"Vega Cruiser ISI Certified Matt Finish Lightweight & Compact with Peak Open Face Helmet for Men and Women with Clear Visor(Dull Black, Size:M)",₹959,4.3 out of 5 stars
Steelbird SBH-17 Rabbit ISI Certified Full Face Graphic Helmet with Clear Visor,"₹1,919",N/A
Steelbird SBH-40 Devil ISI Certified Full Face Helmet for Men and Women with Inner Smoke Sun Shield,"₹2,399",4.0 out of 5 stars
"Royal Enfield Flip-up Coopter Camo MLG Helmet with Clear Visor Gt Yellow , Size: XL(61-62cm)","₹1,560",4.1 out of 5 stars
Steelbird SBH-17 Terminator ISI Certified Full Face Graphic Helmet in Matt Finish with Clear Visor,"₹1,759",4.1 out of 5 stars
"Vega Edge ISI Certified Full Face Gloss Finish Helmet for Men and Women with Clear Visor(Black, Size:L)",₹939,4.3 out of 5 stars
Studds Chrome Eco Full Face Helmet- Black (Xl),₹918,4.1 out of 5 stars
"Vega Aster Dx ISI Certified Smooth Gloss Finish Open Face Helmet for Men and Women with Clear Visor(Black, Size:L)",₹922,3.9 out of 5 stars
"Vega Crux ISI Certified Flip-Up Helmet for Men and Women with Clear Visor(Black, Size:L)",₹868,4.2 out of 5 stars
"Vega Cliff ISI Certified Lightweight Full Face Gloss Finish Helmet for Men and Women with Clear Visor(Black, Size:L)",₹922,4.2 out of 5 stars
"Vega Breeze Full Face Helmet Dull Black , Size: M(57-58 cm)",₹977,4.0 out of 5 stars
"Vega Off Road Gangster ISI Certified Matt Finish Full Face Dual Visor with Peak Helmet for Men and Women Outer Clear Visor and Inner Smoke Sun Visor(Dull Black Red, Size:M)","₹1,776",4.1 out of 5 stars
"Vega Atom ISI Certified Lightweight & compact Open Face Helmet for Women with Clear Visor(Blue, Size:M)",₹998,4.2 out of 5 stars
Studds  Cub Open Face Helmet- Black (L),"₹1,135.25",4.3 out of 5 stars
"Vega Lark ISI Certified Matt Finish Lightweight Open Face Helmet for Men and Women with Long Clear Visor(Dull Black, Size:M)","₹1,089",4.3 out of 5 stars
Xinor Nexo Half Helmet for Men and Women -Medium,₹545,3.8 out of 5 stars
Steelbird SBA-7 Huracan ISI Certified Flip-Up Helmet for Men and Women with Inner Sun Shield,"₹1,847",4.1 out of 5 stars
Steelbird SBA-3 R2K Classic Open Face Helmet,"₹1,159",4.3 out of 5 stars
Studds Ninja Elite With Carbon Strip With Clear Visor Full Face Helmet -Black (L),"₹1,239",4.2 out of 5 stars
"Vega Aster ISI Certified Gloss Finish Open Face Helmet for Men and Women with Clear Visor(Black, Size:L)",₹868,3.8 out of 5 stars
Studds Chrome Eco Full Face Helmet- Black (L),₹931,4.3 out of 5 stars
Studds Marshall Open Face Helmet - Matt Black (L),"₹1,165",4.2 out of 5 stars
Vega Verve Burgundy Helmet-M,"₹1,172",4.3 out of 5 stars
Steelbird GT Off Road ISI Certified Motocross Double Visor Full Face Helmet Outer Clear Visor and Inner Smoke Sun Shield,"₹1,839",4.1 out of 5 stars
"Vega Cruiser ISI Certified Lightweight & Compact with Peak Open Face Helmet for Men and Women with Clear Visor(Black, Size:L)",₹959,4.2 out of 5 stars
"Yamaha YR4 Full Face Helmet Black, Size XL Y6AYR4BKXL16",₹971,3.9 out of 5 stars
Axor Apex Vivid ISI ECE DOT Certified Full Face Dual Visor Helmet for Men and Women with Pinlock Fitted Outer Clear Visor and Inner Smoke Sun Visor Black Neon Yellow(L),"₹4,594",4.4 out of 5 stars
"O2 STAR PERL Open Face ABS Helmet with Quick-Release Adjustable Strap, Sturdy Head Protector, Safety Helmet for Bike (Medium Size, Black)",₹741,3.8 out of 5 stars
Studds Professional Black With Black Strip Full Face Helmet (L),"₹1,178",4.3 out of 5 stars
"Studds Marshall D1 Open Face Helmet Helmet (Boy's, White Blue, XS)",₹973.75,4.1 out of 5 stars
Vega Atom White Helmet-M,₹890,4.3 out of 5 stars
TVS Riding Motorbike Helmet Black - L,₹737,3.9 out of 5 stars
Steelbird SBH-23 GT Plus Half Face ISI Certified Helmet with Inner Sun Shield,"₹1,359",4.2 out of 5 stars
"Vega Ryker Bolder ISI Certified Matt Finish Full Face Dual Visor Helmet for Men and Women Outer Clear Visor and Inner Smoke Sun Visor(Dull Black Neon Yellow, Size:M)","₹1,746",4.3 out of 5 stars
"Vega Bolt Full Face Helmet Dull Black Red , Size: L(59-60 cm)","₹1,939",4.2 out of 5 stars
"Vega Ryker Bolder ISI Certified Matt Finish Full Face Dual Visor Helmet for Men and Women Outer Clear Visor and Inner Smoke Sun Visor(Dull Black Blue, Size:L)","₹1,746",4.2 out of 5 stars
"Vega Off Road Sketch ISI Certified Matt Finish Full Face Dual Visor with Peak Helmet for Men and Women Outer Clear Visor and Inner Smoke Sun Visor(Dull Black Silver, Size:L)","₹1,776",4.2 out of 5 stars
Ignyte IGN-4 Hyena ISI/DOT Certified Double Visor Full Face Helmet with Outer Anti-Fog Clear Visor and Inner Smoke Sun Shield,"₹4,512",3.7 out of 5 stars
Steelbird SBH-40 Vanguard ISI Certified Full Face Graphic Helmet for Men and Women with Inner Sun Shield,"₹2,399",4.2 out of 5 stars
Ignyte IGN-4 ISI / DOT Certified Double Visor Full Face Helmet Outer Anti-Fog Clear Visor and Inner Smoke Sun Shield,"₹4,227",4.2 out of 5 stars
Steelbird SBA-2 7Wings ISI Certified Full Face Helmet Fitted with Clear and Extra Visor,"₹2,143",4.2 out of 5 stars
"Sage Square Multipurpose Half Helmet for Men's and Women's (Medium, Pink Matte)",₹499,3.4 out of 5 stars
N/A,N/A,N/A
N/A,N/A,N/A
N/A,N/A,N/A
N/A,N/A,N/A
